BUSINESS_APPLICATION_NAME	BATCH_JOB_ID	USER_ID	WHEN_CREATED	COMPLETED_TIMESTAMP	NUM_SUBMITTED_REQUESTS	FAILED_REQUEST_RANGE	INPUT_DATA_CONTENT_TYPE	RESULT_DATA_CONTENT_TYPE
geocoder	50147	orgID:5	00:03.9	00:12.8	2292		text/csv	application/vnd.geo+json
geocoder	50146	orgID:5	00:03.0	00:17.1	5499		text/csv	application/vnd.geo+json
geocoder	50148	orgID:5	32:14.1	32:14.7	11		text/csv	application/vnd.geo+json
geocoder	50149	orgID:5	40:29.5	40:29.8	1		text/csv	application/vnd.geo+json
geocoder	50150	orgID:5	01:16.6	01:17.3	6		text/csv	application/vnd.geo+json
geocoder	50151	orgID:5	20:30.1	20:30.6	4		text/csv	application/vnd.geo+json
geocoder	50126	orgID:5	21:09.7	21:10.1	1		text/csv	application/vnd.geo+json
geocoder	50152	orgID:5	30:55.5	30:56.0	5		text/csv	application/vnd.geo+json
geocoder	50127	orgID:5	31:35.2	31:35.5	1		text/csv	application/vnd.geo+json
geocoder	50128	orgID:5	50:35.7	50:36.2	7		text/csv	application/vnd.geo+json
geocoder	50153	orgID:5	00:57.5	00:58.1	11		text/csv	application/vnd.geo+json
geocoder	50129	orgID:5	01:36.3	01:36.5	1		text/csv	application/vnd.geo+json
geocoder	50154	orgID:5	10:27.5	10:28.1	9		text/csv	application/vnd.geo+json
geocoder	50155	orgID:4	20:52.6	20:54.1	62		text/csv	application/vnd.geo+json
geocoder	50156	orgID:4	21:36.2	21:36.7	28		text/csv	application/vnd.geo+json
geocoder	50157	orgID:4	30:57.0	30:57.5	2		text/csv	application/vnd.geo+json
geocoder	50158	orgID:4	40:28.8	40:29.4	15		text/csv	application/vnd.geo+json
geocoder	50130	orgID:4	50:30.4	50:31.0	28		text/csv	application/vnd.geo+json
geocoder	50131	orgID:4	01:06.2	01:06.8	10		text/csv	application/vnd.geo+json
geocoder	50132	orgID:4	10:25.2	10:25.5	5		text/csv	application/vnd.geo+json
geocoder	50133	orgID:4	20:39.8	20:42.0	66		text/csv	application/vnd.geo+json
geocoder	50134	orgID:4	21:24.5	21:25.8	43		text/csv	application/vnd.geo+json
geocoder	50135	orgID:4	30:54.6	30:55.2	9		text/csv	application/vnd.geo+json
geocoder	50159	orgID:4	31:39.6	31:39.9	1		text/csv	application/vnd.geo+json
geocoder	50136	orgID:4	49:20.2	49:26.3	18868		text/csv	text/csv
geocoder	50137	orgID:4	51:40.3	51:43.0	9545		text/csv	text/csv
geocoder	50160	orgID:4	00:50.6	00:51.0	4		text/csv	application/vnd.geo+json
geocoder	50161	orgID:4	01:51.8	02:10.9	18868		text/csv	text/csv
geocoder	50162	orgID:4	04:34.6	04:43.0	9545		text/csv	text/csv
geocoder	50138	orgID:4	14:18.0	14:18.6	1174		text/csv	application/x-shp+zip
geocoder	50139	orgID:4	14:18.5	14:19.0	1174		text/csv	application/x-shp+zip
geocoder	50140	orgID:4	14:18.7	14:19.1	1174		text/csv	application/x-shp+zip
geocoder	50141	orgID:4	20:25.4	20:25.9	5		text/csv	application/vnd.geo+json
geocoder	50142	orgID:2	21:02.9	21:03.3	2		text/csv	application/vnd.geo+json
geocoder	50163	orgID:2	30:52.7	30:53.1	2		text/csv	application/vnd.geo+json
geocoder	50183	orgID:2	31:32.0	31:32.3	1		text/csv	application/vnd.geo+json
geocoder	50164	orgID:2	01:28.2	01:28.8	3		text/csv	application/vnd.geo+json
geocoder	50165	orgID:2	20:24.8	20:25.4	5		text/csv	application/vnd.geo+json
geocoder	50184	orgID:2	21:10.5	21:10.9	2		text/csv	application/vnd.geo+json
geocoder	50185	orgID:2	30:52.7	30:53.6	12		text/csv	application/vnd.geo+json
geocoder	50186	orgID:2	31:28.9	31:29.2	2		text/csv	application/vnd.geo+json
geocoder	50166	orgID:2	00:51.7	00:52.7	16		text/csv	application/vnd.geo+json
geocoder	50167	orgID:2	01:31.9	01:32.2	2		text/csv	application/vnd.geo+json
geocoder	50168	orgID:2	10:25.2	10:25.5	1		text/csv	application/vnd.geo+json
geocoder	50169	orgID:2	20:25.4	20:25.8	4		text/csv	application/vnd.geo+json
geocoder	50170	orgID:2	21:04.0	21:04.3	3		text/csv	application/vnd.geo+json
geocoder	50187	orgID:2	30:53.2	30:53.9	13		text/csv	application/vnd.geo+json
geocoder	50171	orgID:2	31:33.4	31:33.6	1		text/csv	application/vnd.geo+json
geocoder	50188	orgID:2	00:51.8	00:52.3	12		text/csv	application/vnd.geo+json
geocoder	50189	orgID:2	20:25.6	20:26.1	6		text/csv	application/vnd.geo+json
geocoder	50172	orgID:2	21:04.6	21:04.9	1		text/csv	application/vnd.geo+json
geocoder	50190	orgID:2	30:57.4	30:57.8	6		text/csv	application/vnd.geo+json
geocoder	50191	orgID:2	00:52.1	00:52.7	12		text/csv	application/vnd.geo+json
geocoder	50192	orgID:2	01:30.1	01:30.4	1		text/csv	application/vnd.geo+json
geocoder	50173	orgID:2	10:25.0	10:25.3	1		text/csv	application/vnd.geo+json
geocoder	50174	orgID:2	20:26.1	20:26.4	6		text/csv	application/vnd.geo+json
geocoder	50175	orgID:2	21:06.0	21:06.2	2		text/csv	application/vnd.geo+json
geocoder	50176	orgID:2	30:50.4	30:50.7	3		text/csv	application/vnd.geo+json
geocoder	50177	orgID:2	20:26.8	20:27.2	2		text/csv	application/vnd.geo+json
geocoder	50193	orgID:2	21:09.2	21:09.4	1		text/csv	application/vnd.geo+json
geocoder	50178	orgID:2	21:50.3	21:50.6	1		text/csv	application/vnd.geo+json
geocoder	50179	orgID:2	26:44.7	26:45.0	3		text/csv	application/vnd.geo+json
geocoder	50194	orgID:1	29:52.1	29:52.5	2		text/csv	application/vnd.geo+json
geocoder	50180	orgID:1	31:16.1	31:16.4	2		text/csv	application/vnd.geo+json
geocoder	50195	orgID:1	32:49.2	32:49.5	1		text/csv	application/vnd.geo+json
geocoder	50181	orgID:1	34:11.2	34:11.5	1		text/csv	application/vnd.geo+json
geocoder	50182	orgID:1	35:41.7	35:41.9	1		text/csv	application/vnd.geo+json
geocoder	50203	orgID:1	36:21.5	36:21.7	1		text/csv	application/vnd.geo+json
