BUSINESS_APPLICATION_NAME	BATCH_JOB_ID	USER_ID	WHEN_CREATED	COMPLETED_TIMESTAMP	NUM_SUBMITTED_REQUESTS	FAILED_REQUEST_RANGE	INPUT_DATA_CONTENT_TYPE	RESULT_DATA_CONTENT_TYPE
geocoder	49865	orgID:1	52:27.4	40:14.8	1		text/csv	application/vnd.geo+json
geocoder	49869	orgID:1	53:30.5	40:14.8	1		text/csv	application/vnd.geo+json
geocoder	49864	orgID:1	38:31.8	40:15.0	10		text/csv	application/vnd.geo+json
geocoder	49875	orgID:1	41:43.7	40:15.1	10		text/csv	application/vnd.geo+json
geocoder	49866	orgID:1	08:07.0	40:15.2	18		text/csv	application/vnd.geo+json
geocoder	49870	orgID:1	09:10.5	40:15.2	18		text/csv	application/vnd.geo+json
geocoder	49872	orgID:1	10:12.4	40:15.3	18		text/csv	application/vnd.geo+json
geocoder	49868	orgID:1	38:11.4	40:15.6	39		text/csv	application/vnd.geo+json
geocoder	49871	orgID:1	39:12.7	40:15.7	39		text/csv	application/vnd.geo+json
geocoder	49876	orgID:1	46:13.3	40:16.0	59		text/csv	application/vnd.geo+json
geocoder	49863	orgID:1	26:45.0	40:16.1	59		text/csv	application/vnd.geo+json
geocoder	49867	orgID:1	28:18.2	40:16.3	59		text/csv	application/vnd.geo+json
geocoder	49878	orgID:1	10:09.9	40:16.3	49		text/csv	application/vnd.geo+json
geocoder	49874	orgID:1	39:15.0	40:16.6	60		text/csv	application/vnd.geo+json
geocoder	49877	orgID:1	09:23.6	40:16.7	80		text/csv	application/vnd.geo+json
geocoder	49873	orgID:1	38:01.8	40:17.2	87		text/csv	application/vnd.geo+json
geocoder	49887	orgID:1	54:33.1	41:06.9	1		text/csv	application/vnd.geo+json
geocoder	49892	orgID:1	55:35.0	41:07.0	1		text/csv	application/vnd.geo+json
geocoder	49886	orgID:1	40:39.7	41:07.0	10		text/csv	application/vnd.geo+json
geocoder	49883	orgID:1	39:35.5	41:07.1	10		text/csv	application/vnd.geo+json
geocoder	49879	orgID:1	11:16.1	41:07.1	18		text/csv	application/vnd.geo+json
geocoder	49900	orgID:1	56:39.4	41:07.4	1		text/csv	application/vnd.geo+json
geocoder	49899	orgID:1	42:47.4	41:07.5	10		text/csv	application/vnd.geo+json
geocoder	49891	orgID:1	40:14.6	41:07.7	39		text/csv	application/vnd.geo+json
geocoder	49888	orgID:1	00:37.4	41:08.1	59		text/csv	application/vnd.geo+json
geocoder	49895	orgID:2	36:18.4	41:08.2	138		text/csv	text/csv
geocoder	49898	orgID:2	41:19.4	41:08.2	39		text/csv	application/vnd.geo+json
geocoder	49890	orgID:2	09:06.5	41:08.2	49		text/csv	application/vnd.geo+json
geocoder	49884	orgID:2	08:02.5	41:08.3	49		text/csv	application/vnd.geo+json
geocoder	49885	orgID:2	38:07.2	41:08.3	60		text/csv	application/vnd.geo+json
geocoder	49889	orgID:2	08:19.9	41:08.6	80		text/csv	application/vnd.geo+json
geocoder	49897	orgID:2	40:18.2	41:08.6	60		text/csv	application/vnd.geo+json
geocoder	49882	orgID:1	39:06.5	41:09.0	87		text/csv	application/vnd.geo+json
geocoder	49902	orgID:1	09:07.0	41:09.1	95		text/csv	application/vnd.geo+json
geocoder	49901	orgID:1	08:01.8	41:09.2	99		text/csv	application/vnd.geo+json
geocoder	49896	orgID:1	38:04.3	41:09.2	97		text/csv	application/vnd.geo+json
geocoder	49894	orgID:1	08:02.9	41:09.3	95		text/csv	application/vnd.geo+json
geocoder	49909	orgID:1	02:26.2	42:07.5	2		text/csv	application/vnd.geo+json
geocoder	49915	orgID:1	14:00.5	42:07.5	1		text/csv	application/vnd.geo+json
geocoder	49924	orgID:1	30:06.0	42:07.6	1			text/csv
geocoder	49905	orgID:1	12:19.9	42:07.6	18		text/csv	application/vnd.geo+json
geocoder	49926	orgID:1	42:23.3	42:08.1	39		text/csv	application/vnd.geo+json
geocoder	49910	orgID:3	02:42.3	42:08.2	59		text/csv	application/vnd.geo+json
geocoder	49904	orgID:3	11:14.5	42:08.3	49		text/csv	application/vnd.geo+json
geocoder	49903	orgID:3	10:25.4	42:08.7	80		text/csv	application/vnd.geo+json
geocoder	49914	orgID:3	11:27.2	42:08.7	80		text/csv	application/vnd.geo+json
geocoder	49925	orgID:3	41:21.0	42:08.8	60		text/csv	application/vnd.geo+json
geocoder	49908	orgID:3	40:11.0	42:08.9	87		text/csv	application/vnd.geo+json
geocoder	49907	orgID:3	39:09.1	42:08.9	97		text/csv	application/vnd.geo+json
geocoder	49912	orgID:3	09:03.4	42:09.0	99		text/csv	application/vnd.geo+json
geocoder	49913	orgID:3	10:08.9	42:09.0	95		text/csv	application/vnd.geo+json
geocoder	49906	orgID:3	38:07.4	42:09.1	107		text/csv	application/vnd.geo+json
geocoder	49911	orgID:3	08:05.7	42:09.4	111		text/csv	application/vnd.geo+json
geocoder	49927	orgID:3	44:34.4	43:07.3	1		text/csv	application/vnd.geo+json
geocoder	49921	orgID:3	39:13.9	43:07.4	1		text/csv	application/vnd.geo+json
geocoder	49932	orgID:3	39:14.0	43:07.5	2		text/csv	application/vnd.geo+json
geocoder	49933	orgID:3	40:06.0	43:07.5	2		text/csv	application/vnd.geo+json
geocoder	49943	orgID:3	40:06.6	43:07.5	3		text/csv	application/vnd.geo+json
geocoder	49928	orgID:3	12:17.0	43:08.4	49		text/csv	application/vnd.geo+json
geocoder	49917	orgID:3	39:13.4	43:08.7	80		text/csv	application/vnd.geo+json
geocoder	49918	orgID:3	39:13.4	43:08.7	80		text/csv	application/vnd.geo+json
geocoder	49919	orgID:3	39:13.5	43:08.9	80		text/csv	application/vnd.geo+json
geocoder	49916	orgID:3	39:13.3	43:09.0	80		text/csv	application/vnd.geo+json
geocoder	49930	orgID:3	39:13.5	43:09.1	80		text/csv	application/vnd.geo+json
geocoder	49922	orgID:3	39:13.9	43:09.2	99		text/csv	application/vnd.geo+json
geocoder	49920	orgID:3	39:13.9	43:09.2	99		text/csv	application/vnd.geo+json
geocoder	49929	orgID:3	39:13.5	43:09.2	80		text/csv	application/vnd.geo+json
geocoder	49931	orgID:4	39:13.9	43:09.3	99		text/csv	application/vnd.geo+json
geocoder	49881	orgID:4	34:38.5	43:41.4	235160		text/csv	text/csv
geocoder	49944	orgID:4	45:26.5	45:26.8	1			text/csv
geocoder	49945	orgID:3	46:17.9	46:18.1	1			text/csv
geocoder	49946	orgID:3	47:50.8	47:51.1	4		text/csv	application/vnd.geo+json
geocoder	49947	orgID:3	47:53.1	47:53.3	4		text/csv	application/vnd.geo+json
geocoder	49948	orgID:3	47:53.1	47:53.4	7		text/csv	application/vnd.geo+json
geocoder	49949	orgID:3	47:53.2	47:53.6	7		text/csv	application/vnd.geo+json
geocoder	49950	orgID:3	47:57.3	47:57.7	7		text/csv	application/vnd.geo+json
geocoder	49951	orgID:3	47:58.1	47:58.4	9		text/csv	application/vnd.geo+json
geocoder	49952	orgID:3	48:02.0	48:02.4	10		text/csv	application/vnd.geo+json
geocoder	49953	orgID:3	48:06.6	48:06.9	9		text/csv	application/vnd.geo+json
geocoder	49954	orgID:3	50:58.3	50:59.4	59		text/csv	application/vnd.geo+json
geocoder	49934	orgID:3	12:26.5	12:26.9	1		text/csv	application/vnd.geo+json
geocoder	49935	orgID:3	17:26.6	17:26.9	1		text/csv	application/vnd.geo+json
geocoder	49955	orgID:3	22:28.0	22:28.5	6		text/csv	application/vnd.geo+json
geocoder	49936	orgID:3	23:07.2	23:07.4	2		text/csv	application/vnd.geo+json
geocoder	49937	orgID:3	27:27.5	27:27.8	3		text/csv	application/vnd.geo+json
geocoder	49938	orgID:3	32:29.5	32:29.9	5		text/csv	application/vnd.geo+json
geocoder	49939	orgID:3	33:07.8	33:08.0	3		text/csv	application/vnd.geo+json
geocoder	49940	orgID:4	37:35.7	37:36.4	19		text/csv	application/vnd.geo+json
geocoder	49941	orgID:4	38:02.9	38:03.4	13		text/csv	application/vnd.geo+json
geocoder	49942	orgID:4	38:17.0	38:17.4	5		text/csv	application/vnd.geo+json
geocoder	49963	orgID:4	38:44.2	38:44.5	1		text/csv	application/vnd.geo+json
geocoder	49964	orgID:4	42:27.1	42:27.4	2		text/csv	application/vnd.geo+json
geocoder	49965	orgID:4	47:36.8	47:37.4	19		text/csv	application/vnd.geo+json
geocoder	49966	orgID:4	48:17.6	48:17.8	7		text/csv	application/vnd.geo+json
geocoder	49967	orgID:4	52:27.4	52:27.8	5		text/csv	application/vnd.geo+json
geocoder	49968	orgID:4	57:31.1	57:31.6	6		text/csv	application/vnd.geo+json
geocoder	49956	orgID:4	02:38.4	02:39.4	46		text/csv	application/vnd.geo+json
geocoder	49957	orgID:4	03:19.7	03:20.2	28		text/csv	application/vnd.geo+json
geocoder	49969	orgID:4	08:02.5	08:03.1	12		text/csv	application/vnd.geo+json
geocoder	49970	orgID:4	08:41.8	08:42.1	1		text/csv	application/vnd.geo+json
geocoder	49971	orgID:4	12:25.6	12:25.8	1		text/csv	application/vnd.geo+json
geocoder	49972	orgID:4	22:29.5	22:30.0	16		text/csv	application/vnd.geo+json
geocoder	49973	orgID:4	23:09.2	23:09.5	3		text/csv	application/vnd.geo+json
geocoder	49974	orgID:4	37:51.6	37:52.0	10		text/csv	application/vnd.geo+json
geocoder	49958	orgID:4	52:28.4	52:28.8	10		text/csv	application/vnd.geo+json
geocoder	49959	orgID:4	12:31.3	12:31.7	5		text/csv	application/vnd.geo+json
geocoder	49960	orgID:4	33:36.9	33:38.7	119		text/csv	application/vnd.geo+json
geocoder	49961	orgID:4	34:27.7	34:28.7	68		text/csv	application/vnd.geo+json
geocoder	49962	orgID:4	44:56.5	44:56.8	10		text/csv	application/vnd.geo+json
geocoder	49983	orgID:4	58:30.4	58:30.7	7		text/csv	application/vnd.geo+json
geocoder	49984	orgID:4	19:43.2	19:43.6	3		text/csv	application/vnd.geo+json
geocoder	49975	orgID:4	22:13.0	22:13.3	3		text/csv	application/vnd.geo+json
geocoder	49976	orgID:4	28:50.9	28:51.7	24		text/csv	application/vnd.geo+json
geocoder	49977	orgID:4	29:33.6	29:33.8	4		text/csv	application/vnd.geo+json
geocoder	49978	orgID:4	32:48.6	32:48.8	2		text/csv	application/vnd.geo+json
geocoder	49985	orgID:4	34:11.0	34:11.3	2		text/csv	application/vnd.geo+json
geocoder	49986	orgID:4	35:39.1	35:39.3	1		text/csv	application/vnd.geo+json
geocoder	49987	orgID:5	37:04.3	37:04.5	1		text/csv	application/vnd.geo+json
geocoder	49979	orgID:5	38:33.0	38:33.4	21		text/csv	application/vnd.geo+json
geocoder	49988	orgID:5	39:12.6	39:12.8	1		text/csv	application/vnd.geo+json
geocoder	49989	orgID:5	42:50.9	42:52.4	118		text/csv	application/vnd.geo+json
geocoder	49990	orgID:5	43:38.6	43:40.3	64		text/csv	application/vnd.geo+json
geocoder	49991	orgID:5	47:51.2	47:51.7	14		text/csv	application/vnd.geo+json
geocoder	49980	orgID:5	51:29.1	51:30.4	17		text/csv	application/vnd.geo+json
geocoder	49981	orgID:5	55:09.2	55:09.9	16		text/csv	application/vnd.geo+json
geocoder	49982	orgID:5	55:48.4	55:48.5	1		text/csv	application/vnd.geo+json
geocoder	50003	orgID:5	58:58.9	59:01.2	106		text/csv	application/vnd.geo+json
geocoder	50004	orgID:5	59:42.0	59:43.0	78		text/csv	application/vnd.geo+json
