BUSINESS_APPLICATION_NAME	BATCH_JOB_ID	USER_ID	WHEN_CREATED	COMPLETED_TIMESTAMP	NUM_SUBMITTED_REQUESTS	FAILED_REQUEST_RANGE	INPUT_DATA_CONTENT_TYPE	RESULT_DATA_CONTENT_TYPE
geocoder	50059	individualID:4	39:02.0	39:02.6	4		text/csv	application/vnd.geo+json
geocoder	50060	individualID:4	07:55.2	07:55.7	3		text/csv	application/vnd.geo+json
geocoder	50061	individualID:4	22:29.4	22:30.0	2		text/csv	application/vnd.geo+json
geocoder	50062	individualID:4	38:05.5	38:06.1	24		text/csv	application/vnd.geo+json
geocoder	50063	individualID:4	38:45.2	38:45.5	4		text/csv	application/vnd.geo+json
geocoder	50083	individualID:4	07:59.4	08:00.0	18		text/csv	application/vnd.geo+json
geocoder	50084	individualID:4	08:38.7	08:38.9	2		text/csv	application/vnd.geo+json
geocoder	50085	individualID:4	20:23.6	20:24.0	3		text/csv	application/vnd.geo+json
geocoder	50086	individualID:4	21:02.1	21:02.3	1		text/csv	application/vnd.geo+json
geocoder	50087	individualID:4	31:02.6	31:03.4	13		text/csv	application/vnd.geo+json
geocoder	50088	individualID:4	31:42.1	31:42.5	4		text/csv	application/vnd.geo+json
geocoder	50064	individualID:4	00:53.6	00:54.1	9		text/csv	application/vnd.geo+json
geocoder	50065	individualID:4	01:31.0	01:31.2	2		text/csv	application/vnd.geo+json
geocoder	50089	individualID:4	15:23.9	15:24.3	1		text/csv	application/vnd.geo+json
geocoder	50066	individualID:4	20:26.6	20:27.0	6		text/csv	application/vnd.geo+json
geocoder	50067	individualID:4	21:06.6	21:06.8	2		text/csv	application/vnd.geo+json
geocoder	50090	individualID:4	30:50.0	30:50.5	3		text/csv	application/vnd.geo+json
geocoder	50091	individualID:4	40:24.3	40:24.6	1		text/csv	application/vnd.geo+json
geocoder	50092	individualID:4	00:56.1	00:56.5	4		text/csv	application/vnd.geo+json
geocoder	50093	individualID:4	01:36.5	01:36.8	1		text/csv	application/vnd.geo+json
geocoder	50094	individualID:4	20:24.9	20:25.4	6		text/csv	application/vnd.geo+json
geocoder	50068	individualID:4	30:55.7	30:56.5	19		text/csv	application/vnd.geo+json
geocoder	50095	individualID:4	31:36.5	31:36.9	4		text/csv	application/vnd.geo+json
geocoder	50096	individualID:4	45:27.5	45:28.1	12		text/csv	application/vnd.geo+json
geocoder	50097	individualID:5	46:07.0	46:07.3	1		text/csv	application/vnd.geo+json
geocoder	50069	individualID:5	50:27.4	50:27.9	16		text/csv	application/vnd.geo+json
geocoder	50098	individualID:5	01:05.4	01:06.0	4		text/csv	application/vnd.geo+json
geocoder	50099	individualID:5	15:26.5	15:26.9	7		text/csv	application/vnd.geo+json
geocoder	50070	individualID:5	20:42.8	20:44.5	103		text/csv	application/vnd.geo+json
geocoder	50071	individualID:5	21:28.3	21:29.9	55		text/csv	application/vnd.geo+json
geocoder	50100	individualID:5	30:58.5	30:59.3	11		text/csv	application/vnd.geo+json
geocoder	50101	individualID:5	40:27.3	40:28.2	21		text/csv	application/vnd.geo+json
geocoder	50102	individualID:5	43:35.1	43:53.9	18866		text/csv	text/csv
geocoder	50072	individualID:5	50:25.4	50:25.9	16		text/csv	application/vnd.geo+json
geocoder	50073	individualID:5	00:49.8	00:50.1	7		text/csv	application/vnd.geo+json
geocoder	50103	individualID:5	12:12.1	12:29.5	18866		text/csv	text/csv
geocoder	50104	individualID:5	15:25.3	15:25.7	6		text/csv	application/vnd.geo+json
geocoder	50105	individualID:5	20:45.0	20:46.6	95		text/csv	application/vnd.geo+json
geocoder	50106	individualID:5	20:54.9	21:12.2	18866		text/tab-separated-values	text/csv
geocoder	50107	individualID:5	21:30.5	21:31.2	53		text/csv	application/vnd.geo+json
geocoder	50108	individualID:5	30:50.7	30:51.2	13		text/csv	application/vnd.geo+json
geocoder	50109	individualID:5	00:50.1	00:50.6	12		text/csv	application/vnd.geo+json
geocoder	50110	individualID:5	01:29.3	01:29.6	2		text/csv	application/vnd.geo+json
geocoder	50111	individualID:5	20:24.3	20:24.7	2		text/csv	application/vnd.geo+json
geocoder	50112	individualID:5	30:50.6	30:51.1	16		text/csv	application/vnd.geo+json
geocoder	50113	individualID:5	45:23.7	45:24.1	1		text/csv	application/vnd.geo+json
geocoder	50074	individualID:5	00:53.3	00:53.9	17		text/csv	application/vnd.geo+json
geocoder	50075	individualID:5	01:32.8	01:33.2	3		text/csv	application/vnd.geo+json
geocoder	50076	individualID:5	20:27.4	20:28.0	12		text/csv	application/vnd.geo+json
geocoder	50077	individualID:3	21:10.8	21:11.1	2		text/csv	application/vnd.geo+json
geocoder	50078	individualID:3	30:54.5	30:55.0	16		text/csv	application/vnd.geo+json
geocoder	50114	individualID:3	31:34.0	31:34.2	2		text/csv	application/vnd.geo+json
geocoder	50079	individualID:3	44:46.7	44:47.8	59		text/csv	application/vnd.geo+json
geocoder	50080	individualID:3	52:55.6	52:55.8	1			text/csv
geocoder	50081	individualID:3	54:52.7	54:53.0	1			text/csv
geocoder	50082	individualID:3	20:26.3	20:26.9	10		text/csv	application/vnd.geo+json
geocoder	50123	individualID:3	21:06.8	21:07.1	1		text/csv	application/vnd.geo+json
geocoder	50115	individualID:3	41:11.8	41:12.0	1		text/csv	application/vnd.geo+json
geocoder	50116	individualID:3	21:29.3	21:29.7	1		text/csv	application/vnd.geo+json
geocoder	50117	individualID:3	26:38.8	26:39.6	25		text/csv	application/vnd.geo+json
geocoder	50124	individualID:3	27:21.3	27:21.6	2		text/csv	application/vnd.geo+json
geocoder	50118	individualID:3	29:57.7	29:58.1	2		text/csv	application/vnd.geo+json
geocoder	50119	individualID:3	31:31.2	31:31.4	2		text/csv	application/vnd.geo+json
geocoder	50120	individualID:3	33:02.6	33:02.9	1		text/csv	application/vnd.geo+json
geocoder	50121	individualID:3	34:22.6	34:22.9	1		text/csv	application/vnd.geo+json
geocoder	50122	individualID:3	35:52.9	35:53.2	10		text/csv	application/vnd.geo+json
geocoder	50143	individualID:3	36:37.5	36:37.7	4		text/csv	application/vnd.geo+json
geocoder	50125	individualID:3	39:37.5	39:37.8	1		text/csv	application/vnd.geo+json
geocoder	50144	individualID:3	42:44.1	42:44.6	2		text/csv	application/vnd.geo+json
geocoder	50145	individualID:1	46:02.1	46:02.4	1		text/csv	application/vnd.geo+json
