BUSINESS_APPLICATION_NAME	BATCH_JOB_ID	USER_ID	WHEN_CREATED	COMPLETED_TIMESTAMP	NUM_SUBMITTED_REQUESTS	FAILED_REQUEST_RANGE	INPUT_DATA_CONTENT_TYPE	RESULT_DATA_CONTENT_TYPE
geocoder	49992	individualID:1	39:22.0	39:22.5	5		text/csv	application/vnd.geo+json
geocoder	49993	individualID:1	08:08.5	08:09.0	20		text/csv	application/vnd.geo+json
geocoder	50005	individualID:1	38:06.7	38:07.6	28		text/csv	application/vnd.geo+json
geocoder	50006	individualID:1	38:49.3	38:49.7	4		text/csv	application/vnd.geo+json
geocoder	50007	individualID:1	08:00.9	08:02.4	32		text/csv	application/vnd.geo+json
geocoder	50008	individualID:1	08:43.5	08:43.8	2		text/csv	application/vnd.geo+json
geocoder	50009	individualID:1	12:27.6	12:28.0	2		text/csv	application/vnd.geo+json
geocoder	50010	individualID:1	37:58.7	37:59.9	27		text/csv	application/vnd.geo+json
geocoder	50011	individualID:1	38:38.6	38:38.9	1		text/csv	application/vnd.geo+json
geocoder	49994	individualID:1	08:04.4	08:05.7	39		text/csv	application/vnd.geo+json
geocoder	50012	individualID:1	08:47.5	08:47.8	2		text/csv	application/vnd.geo+json
geocoder	49995	individualID:1	22:26.9	22:27.3	1		text/csv	application/vnd.geo+json
geocoder	49996	individualID:1	38:02.7	38:03.5	37		text/csv	application/vnd.geo+json
geocoder	50013	individualID:1	38:45.2	38:45.5	1		text/csv	application/vnd.geo+json
geocoder	50014	individualID:1	08:03.2	08:04.2	34		text/csv	application/vnd.geo+json
geocoder	49997	individualID:1	08:44.1	08:44.3	1		text/csv	application/vnd.geo+json
geocoder	49998	individualID:1	37:57.3	37:57.9	11		text/csv	application/vnd.geo+json
geocoder	49999	individualID:1	38:36.4	38:36.6	1		text/csv	application/vnd.geo+json
geocoder	50000	individualID:1	42:28.2	42:28.7	1		text/csv	application/vnd.geo+json
geocoder	50001	individualID:1	07:53.0	07:53.6	7		text/csv	application/vnd.geo+json
geocoder	50015	individualID:1	22:26.8	22:27.2	1		text/csv	application/vnd.geo+json
geocoder	50016	individualID:1	37:53.3	37:53.9	9		text/csv	application/vnd.geo+json
geocoder	50002	individualID:1	42:34.7	42:35.5	25		text/csv	application/vnd.geo+json
geocoder	50017	individualID:1	43:15.5	43:15.7	7		text/csv	application/vnd.geo+json
geocoder	50023	individualID:1	52:27.1	52:27.5	1		text/csv	application/vnd.geo+json
geocoder	50018	individualID:1	07:56.0	07:56.5	14		text/csv	application/vnd.geo+json
geocoder	50019	individualID:1	08:35.4	08:35.7	3		text/csv	application/vnd.geo+json
geocoder	50020	individualID:1	12:28.2	12:28.6	3		text/csv	application/vnd.geo+json
geocoder	50021	individualID:2	22:26.7	22:27.1	4		text/csv	application/vnd.geo+json
geocoder	50024	individualID:2	37:56.8	37:57.4	14		text/csv	application/vnd.geo+json
geocoder	50022	individualID:2	42:28.6	42:29.2	7		text/csv	application/vnd.geo+json
geocoder	50043	individualID:2	52:27.5	52:28.0	6		text/csv	application/vnd.geo+json
geocoder	50025	individualID:2	08:01.2	08:02.4	18		text/csv	application/vnd.geo+json
geocoder	50044	individualID:2	08:41.4	08:41.6	1		text/csv	application/vnd.geo+json
geocoder	50045	individualID:2	12:26.9	12:27.3	4		text/csv	application/vnd.geo+json
geocoder	50046	individualID:2	22:28.9	22:29.3	7		text/csv	application/vnd.geo+json
geocoder	50047	individualID:2	37:53.6	37:54.0	8		text/csv	application/vnd.geo+json
geocoder	50048	individualID:2	38:32.2	38:32.4	1		text/csv	application/vnd.geo+json
geocoder	50026	individualID:2	42:28.2	42:28.7	4		text/csv	application/vnd.geo+json
geocoder	50049	individualID:2	52:28.5	52:29.0	8		text/csv	application/vnd.geo+json
geocoder	50027	individualID:2	07:54.3	07:54.8	8		text/csv	application/vnd.geo+json
geocoder	50050	individualID:2	08:34.3	08:34.5	2		text/csv	application/vnd.geo+json
geocoder	50051	individualID:2	12:27.1	12:27.5	7		text/csv	application/vnd.geo+json
geocoder	50052	individualID:2	22:28.2	22:28.7	10		text/csv	application/vnd.geo+json
geocoder	50053	individualID:2	37:54.3	37:54.8	5		text/csv	application/vnd.geo+json
geocoder	50028	individualID:2	38:34.7	38:34.9	1		text/csv	application/vnd.geo+json
geocoder	50029	individualID:2	42:28.7	42:29.3	14		text/csv	application/vnd.geo+json
geocoder	50054	individualID:2	43:10.0	43:10.3	1		text/csv	application/vnd.geo+json
geocoder	50055	individualID:2	52:29.4	52:30.3	24		text/csv	application/vnd.geo+json
geocoder	50056	individualID:2	12:31.6	12:32.1	5		text/csv	application/vnd.geo+json
geocoder	50030	individualID:2	22:49.8	22:53.4	198		text/csv	application/vnd.geo+json
geocoder	50031	individualID:2	23:47.1	23:48.4	81		text/csv	application/vnd.geo+json
geocoder	50032	individualID:3	44:48.1	44:48.4	1		text/csv	application/vnd.geo+json
geocoder	50033	individualID:3	52:39.3	52:40.8	59		text/csv	application/vnd.geo+json
geocoder	50034	individualID:3	27:23.1	27:23.5	8		text/csv	application/vnd.geo+json
geocoder	50035	individualID:3	28:07.5	28:07.8	3		text/csv	application/vnd.geo+json
geocoder	50057	individualID:3	31:28.2	31:28.6	6		text/csv	application/vnd.geo+json
geocoder	50036	individualID:3	33:33.8	33:34.2	6		text/csv	application/vnd.geo+json
geocoder	50037	individualID:3	35:01.5	35:01.7	1		text/csv	application/vnd.geo+json
geocoder	50038	individualID:3	36:17.7	36:18.0	1		text/csv	application/vnd.geo+json
geocoder	50039	individualID:3	37:46.4	37:46.8	6		text/csv	application/vnd.geo+json
geocoder	50058	individualID:3	38:29.9	38:30.2	2		text/csv	application/vnd.geo+json
geocoder	50040	individualID:3	41:00.7	41:01.2	2		text/csv	application/vnd.geo+json
geocoder	50041	individualID:3	41:37.4	41:37.5	1		text/csv	application/vnd.geo+json
geocoder	50042	individualID:3	56:18.0	56:18.4	2		text/csv	application/vnd.geo+json
